Agent,Buffer,Deforested_in_1st_half_HRP,Deforested_in_2nd_half_HRP
Road,0-100,10370.706296,3259.856003
Road,100-200,7297.014096,2820.368562
Road,200-300,6247.958695,2427.781038
Road,300-400,5395.912763,2216.865967
Road,400-500,4665.447889,1928.713867
Road,500-600,4116.753691,1761.144842
Road,600-700,3631.808733,1619.819689
Road,700-800,3306.909922,1449.352432
Road,800-900,3037.123308,1340.283184
Road,900-1000,2802.057115,1221.428145